model,mean_similarity,inference_speed,model_size,TOPSIS Score,Rank
gpt2,0.9999282,0.9276166808648123,0.8786912664710997,0.6660797478575029,1.0
facebook/blenderbot_small-90M,0.80988836,0.9812129560831222,0.9650878581295594,0.5052623731920522,2.0
microsoft/DialoGPT-small,0.99998116,0.946701447349784,0.790221685475307,0.5015302151608889,3.0
